0,0,75,google_cat.png,1200,1200
1,6,625,google_cat.png,1200,1200
2,62,835,google_cat.png,1200,1200
3,181,989,google_cat.png,1200,1200
4,265,1056,google_cat.png,1200,1200
5,348,1112,google_cat.png,1200,1200
6,439,1148,google_cat.png,1200,1200
7,516,1184,google_cat.png,1200,1200
8,620,1194,google_cat.png,1200,1200
9,711,1184,google_cat.png,1200,1200
10,788,1148,google_cat.png,1200,1200
11,879,1107,google_cat.png,1200,1200
12,969,1046,google_cat.png,1200,1200
13,1039,984,google_cat.png,1200,1200
14,1137,835,google_cat.png,1200,1200
15,1186,625,google_cat.png,1200,1200
16,1193,384,google_cat.png,1200,1200
17,125,297,google_cat.png,1200,1200
18,202,266,google_cat.png,1200,1200
19,300,246,google_cat.png,1200,1200
20,376,276,google_cat.png,1200,1200
21,439,328,google_cat.png,1200,1200
22,697,328,google_cat.png,1200,1200
23,781,282,google_cat.png,1200,1200
24,872,246,google_cat.png,1200,1200
25,969,256,google_cat.png,1200,1200
26,1067,297,google_cat.png,1200,1200
27,579,430,google_cat.png,1200,1200
28,586,512,google_cat.png,1200,1200
29,586,584,google_cat.png,1200,1200
30,593,656,google_cat.png,1200,1200
31,460,712,google_cat.png,1200,1200
32,530,733,google_cat.png,1200,1200
33,600,748,google_cat.png,1200,1200
34,676,728,google_cat.png,1200,1200
35,739,707,google_cat.png,1200,1200
36,111,446,google_cat.png,1200,1200
37,181,400,google_cat.png,1200,1200
38,286,394,google_cat.png,1200,1200
39,383,456,google_cat.png,1200,1200
40,293,471,google_cat.png,1200,1200
41,181,466,google_cat.png,1200,1200
42,795,441,google_cat.png,1200,1200
43,858,384,google_cat.png,1200,1200
44,983,364,google_cat.png,1200,1200
45,1067,420,google_cat.png,1200,1200
46,983,441,google_cat.png,1200,1200
47,879,456,google_cat.png,1200,1200
48,286,917,google_cat.png,1200,1200
49,390,902,google_cat.png,1200,1200
50,495,892,google_cat.png,1200,1200
51,593,882,google_cat.png,1200,1200
52,718,887,google_cat.png,1200,1200
53,809,897,google_cat.png,1200,1200
54,913,917,google_cat.png,1200,1200
55,816,974,google_cat.png,1200,1200
56,725,1000,google_cat.png,1200,1200
57,606,1020,google_cat.png,1200,1200
58,495,1010,google_cat.png,1200,1200
59,383,979,google_cat.png,1200,1200
60,432,948,google_cat.png,1200,1200
61,516,933,google_cat.png,1200,1200
62,606,928,google_cat.png,1200,1200
63,690,928,google_cat.png,1200,1200
64,774,943,google_cat.png,1200,1200
65,690,974,google_cat.png,1200,1200
66,606,984,google_cat.png,1200,1200
67,530,974,google_cat.png,1200,1200
68,20,292,google_cat.png,1200,1200
69,125,143,google_cat.png,1200,1200
70,327,46,google_cat.png,1200,1200
71,586,5,google_cat.png,1200,1200
72,851,35,google_cat.png,1200,1200
73,1046,133,google_cat.png,1200,1200
74,1165,287,google_cat.png,1200,1200
